{
  "coefficients": [
    0.07421481609344482,
    -0.01500984001904726,
    -0.005855263210833073,
    0.12555444240570068
  ],
  "intercept": 0.49764010310173035,
  "num_features": 4
}