{
  "manual_calculation": {
    "coefficient_terms": [
      {
        "coefficient": 0.07421481609344482,
        "feature_index": 0,
        "feature_value": 0.883294939994812,
        "product": 0.06555356830358505
      },
      {
        "coefficient": -0.01500984001904726,
        "feature_index": 1,
        "feature_value": 0.1273442506790161,
        "product": -0.001911416882649064
      },
      {
        "coefficient": -0.005855263210833073,
        "feature_index": 2,
        "feature_value": 0.6251598596572876,
        "product": -0.003660475602373481
      },
      {
        "coefficient": 0.12555444240570068,
        "feature_index": 3,
        "feature_value": 1.0,
        "product": 0.12555444240570068
      }
    ],
    "final_clamped_output": 0.6831762194633484,
    "intercept_term": 0.49764010310173035,
    "sum_before_clamp": 0.6831762194633484
  },
  "model": {
    "coefficients": [
      0.07421481609344482,
      -0.01500984001904726,
      -0.005855263210833073,
      0.12555444240570068
    ],
    "intercept": 0.49764010310173035
  },
  "sample": {
    "features": [
      0.883294939994812,
      0.1273442506790161,
      0.6251598596572876,
      1.0
    ],
    "predicted_score": 0.6831762194633484
  }
}